{
  "id": "FB_1761836479012_4kpzf0m77",
  "userName": "玩家A",
  "feedbackType": "bug",
  "feedbackContent": "bug1：递四方速递方式发生",
  "contact": "",
  "screenshots": [
    {
      "filename": "1761836479004_å±å¹æªå¾ 2025-10-30 211655.png",
      "originalname": "å±å¹æªå¾ 2025-10-30 211655.png",
      "size": 438871,
      "path": "E:\\windsurf_prj\\doudizhu\\backend\\uploads\\feedback\\1761836479004_å±å¹æªå¾ 2025-10-30 211655.png"
    }
  ],
  "timestamp": "2025-10-30T15:01:18.994Z",
  "userAgent": "Mozilla/5.0 (Windows NT 10.0; Win64; x64) AppleWebKit/537.36 (KHTML, like Gecko) Chrome/141.0.0.0 Safari/537.36",
  "url": "http://localhost:3000/feedback/",
  "createdAt": "2025-10-30T15:01:19.012Z"
}